{
  "fio version" : "fio-3.41",
  "timestamp" : 1759467730,
  "timestamp_ms" : 1759467730488,
  "time" : "Fri Oct 3 01:02:10 2025",
  "global options" : {
    "directory" : "E\\:fio_tests",
    "stonewall" : "",
    "filesize" : "1m",
    "ioengine" : "windowsaio",
    "runtime" : "60",
    "time_based" : "",
    "direct" : "1",
    "numjobs" : "1",
    "thread" : "1",
    "per_job_logs" : "1",
    "size" : "4kb",
    "rw" : "randrw",
    "percentile_list" : "50:95:99:99.9",
    "filename" : "FileToWriteTo.txt"
  },
  "jobs" : [
    {
      "jobname" : "Tail Latency",
      "groupid" : 0,
      "job_start" : 1759467670091,
      "error" : 0,
      "eta" : 0,
      "elapsed" : 61,
      "job options" : {
        "iodepth" : "16"
      },
      "read" : {
        "io_bytes" : 1891188736,
        "io_kbytes" : 1846864,
        "bw_bytes" : 31519286,
        "bw" : 30780,
        "iops" : 7695.138414,
        "runtime" : 60001,
        "total_ios" : 461716,
        "short_ios" : 0,
        "drop_ios" : 0,
        "slat_ns" : {
          "min" : 6064,
          "max" : 28044989,
          "mean" : 48984.284142,
          "stddev" : 279007.013876,
          "N" : 461716
        },
        "clat_ns" : {
          "min" : 414,
          "max" : 79512322,
          "mean" : 556475.042912,
          "stddev" : 1071338.005192,
          "N" : 461716,
          "percentile" : {
            "50.000000" : 309248,
            "95.000000" : 1400832,
            "99.000000" : 1941504,
            "99.900000" : 16318464
          }
        },
        "lat_ns" : {
          "min" : 30725,
          "max" : 79549721,
          "mean" : 605459.327054,
          "stddev" : 1128117.670413,
          "N" : 461716
        },
        "bw_min" : 4160,
        "bw_max" : 112800,
        "bw_agg" : 99.968965,
        "bw_mean" : 30771.925000,
        "bw_dev" : 26394.220492,
        "bw_samples" : 120,
        "iops_min" : 1040,
        "iops_max" : 28200,
        "iops_mean" : 7692.925000,
        "iops_stddev" : 6598.545009,
        "iops_samples" : 120
      },
      "write" : {
        "io_bytes" : 1888452608,
        "io_kbytes" : 1844192,
        "bw_bytes" : 31473685,
        "bw" : 30736,
        "iops" : 7684.005267,
        "runtime" : 60001,
        "total_ios" : 461048,
        "short_ios" : 0,
        "drop_ios" : 0,
        "slat_ns" : {
          "min" : 7133,
          "max" : 78914382,
          "mean" : 73548.023974,
          "stddev" : 319915.092915,
          "N" : 461048
        },
        "clat_ns" : {
          "min" : 255,
          "max" : 79552278,
          "mean" : 499899.035784,
          "stddev" : 995444.001436,
          "N" : 461048,
          "percentile" : {
            "50.000000" : 261120,
            "95.000000" : 1335296,
            "99.000000" : 1826816,
            "99.900000" : 15925248
          }
        },
        "lat_ns" : {
          "min" : 18550,
          "max" : 79760158,
          "mean" : 573447.059757,
          "stddev" : 1067621.681546,
          "N" : 461048
        },
        "bw_min" : 4008,
        "bw_max" : 112240,
        "bw_agg" : 99.970652,
        "bw_mean" : 30727.483333,
        "bw_dev" : 26370.634235,
        "bw_samples" : 120,
        "iops_min" : 1002,
        "iops_max" : 28060,
        "iops_mean" : 7681.816667,
        "iops_stddev" : 6592.660197,
        "iops_samples" : 120
      },
      "trim" : {
        "io_bytes" : 0,
        "io_kbytes" : 0,
        "bw_bytes" : 0,
        "bw" : 0,
        "iops" : 0.000000,
        "runtime" : 0,
        "total_ios" : 0,
        "short_ios" : 0,
        "drop_ios" : 0,
        "slat_ns" : {
          "min" : 0,
          "max" : 0,
          "mean" : 0.000000,
          "stddev" : 0.000000,
          "N" : 0
        },
        "clat_ns" : {
          "min" : 0,
          "max" : 0,
          "mean" : 0.000000,
          "stddev" : 0.000000,
          "N" : 0
        },
        "lat_ns" : {
          "min" : 0,
          "max" : 0,
          "mean" : 0.000000,
          "stddev" : 0.000000,
          "N" : 0
        },
        "bw_min" : 0,
        "bw_max" : 0,
        "bw_agg" : 0.000000,
        "bw_mean" : 0.000000,
        "bw_dev" : 0.000000,
        "bw_samples" : 0,
        "iops_min" : 0,
        "iops_max" : 0,
        "iops_mean" : 0.000000,
        "iops_stddev" : 0.000000,
        "iops_samples" : 0
      },
      "sync" : {
        "total_ios" : 0,
        "lat_ns" : {
          "min" : 0,
          "max" : 0,
          "mean" : 0.000000,
          "stddev" : 0.000000,
          "N" : 0
        }
      },
      "job_runtime" : 60000,
      "usr_cpu" : 3.333333,
      "sys_cpu" : 55.000000,
      "ctx" : 0,
      "majf" : 0,
      "minf" : 0,
      "iodepth_level" : {
        "1" : 0.367158,
        "2" : 9.276586,
        "4" : 26.761556,
        "8" : 56.483565,
        "16" : 7.111136,
        "32" : 0.000000,
        ">=64" : 0.000000
      },
      "iodepth_submit" : {
        "0" : 0.000000,
        "4" : 100.000000,
        "8" : 0.000000,
        "16" : 0.000000,
        "32" : 0.000000,
        "64" : 0.000000,
        ">=64" : 0.000000
      },
      "iodepth_complete" : {
        "0" : 0.000000,
        "4" : 93.396898,
        "8" : 0.100000,
        "16" : 6.534505,
        "32" : 0.000000,
        "64" : 0.000000,
        ">=64" : 0.000000
      },
      "latency_ns" : {
        "2" : 0.000000,
        "4" : 0.000000,
        "10" : 0.000000,
        "20" : 0.000000,
        "50" : 0.000000,
        "100" : 0.000000,
        "250" : 0.000000,
        "500" : 0.043456,
        "750" : 0.019290,
        "1000" : 0.035004
      },
      "latency_us" : {
        "2" : 0.260088,
        "4" : 0.044974,
        "10" : 0.043782,
        "20" : 0.338006,
        "50" : 3.069257,
        "100" : 9.756883,
        "250" : 31.912818,
        "500" : 18.771213,
        "750" : 11.385901,
        "1000" : 9.651113
      },
      "latency_ms" : {
        "2" : 13.821085,
        "4" : 0.330745,
        "10" : 0.266482,
        "20" : 0.211972,
        "50" : 0.035437,
        "100" : 0.010000,
        "250" : 0.000000,
        "500" : 0.000000,
        "750" : 0.000000,
        "1000" : 0.000000,
        "2000" : 0.000000,
        ">=2000" : 0.000000
      },
      "latency_depth" : 16,
      "latency_target" : 0,
      "latency_percentile" : 100.000000,
      "latency_window" : 0
    }
  ]
}
