{
  "fio version" : "fio-3.41",
  "timestamp" : 1759531754,
  "timestamp_ms" : 1759531754275,
  "time" : "Fri Oct 3 18:49:14 2025",
  "global options" : {
    "directory" : "E\\:fio_tests",
    "stonewall" : "",
    "filesize" : "1m",
    "ioengine" : "windowsaio",
    "runtime" : "60",
    "time_based" : "",
    "direct" : "1",
    "numjobs" : "1",
    "thread" : "1",
    "per_job_logs" : "1",
    "size" : "4kb",
    "rw" : "randrw",
    "percentile_list" : "50:95:99:99.9",
    "filename" : "FileToWriteTo.txt"
  },
  "jobs" : [
    {
      "jobname" : "Tail Latency",
      "groupid" : 0,
      "job_start" : 1759531693876,
      "error" : 0,
      "eta" : 0,
      "elapsed" : 61,
      "job options" : {
        "iodepth" : "16"
      },
      "read" : {
        "io_bytes" : 11328622592,
        "io_kbytes" : 11063108,
        "bw_bytes" : 188807229,
        "bw" : 184382,
        "iops" : 46095.515075,
        "runtime" : 60001,
        "total_ios" : 2765777,
        "short_ios" : 0,
        "drop_ios" : 0,
        "slat_ns" : {
          "min" : 4255,
          "max" : 1172255,
          "mean" : 9446.725760,
          "stddev" : 5106.939096,
          "N" : 2765777
        },
        "clat_ns" : {
          "min" : 276,
          "max" : 29942155,
          "mean" : 117023.023735,
          "stddev" : 112762.027039,
          "N" : 2765777,
          "percentile" : {
            "50.000000" : 115200,
            "95.000000" : 187392,
            "99.000000" : 252928,
            "99.900000" : 411648
          }
        },
        "lat_ns" : {
          "min" : 23385,
          "max" : 29952544,
          "mean" : 126469.749495,
          "stddev" : 112938.864460,
          "N" : 2765777
        },
        "bw_min" : 163200,
        "bw_max" : 189656,
        "bw_agg" : 99.992917,
        "bw_mean" : 184369.908333,
        "bw_dev" : 3613.347488,
        "bw_samples" : 120,
        "iops_min" : 40800,
        "iops_max" : 47414,
        "iops_mean" : 46092.458333,
        "iops_stddev" : 903.346197,
        "iops_samples" : 120
      },
      "write" : {
        "io_bytes" : 11320078336,
        "io_kbytes" : 11054764,
        "bw_bytes" : 188664827,
        "bw" : 184242,
        "iops" : 46060.748988,
        "runtime" : 60001,
        "total_ios" : 2763691,
        "short_ios" : 0,
        "drop_ios" : 0,
        "slat_ns" : {
          "min" : 5084,
          "max" : 352402,
          "mean" : 10955.103284,
          "stddev" : 5911.135717,
          "N" : 2763691
        },
        "clat_ns" : {
          "min" : 132,
          "max" : 29796156,
          "mean" : 80081.821963,
          "stddev" : 84888.723723,
          "N" : 2763691,
          "percentile" : {
            "50.000000" : 77312,
            "95.000000" : 148480,
            "99.000000" : 183296,
            "99.900000" : 321536
          }
        },
        "lat_ns" : {
          "min" : 12861,
          "max" : 29818463,
          "mean" : 91036.925247,
          "stddev" : 84996.189896,
          "N" : 2763691
        },
        "bw_min" : 167240,
        "bw_max" : 189944,
        "bw_agg" : 99.992947,
        "bw_mean" : 184230.900000,
        "bw_dev" : 3267.558532,
        "bw_samples" : 120,
        "iops_min" : 41810,
        "iops_max" : 47486,
        "iops_mean" : 46057.708333,
        "iops_stddev" : 816.901117,
        "iops_samples" : 120
      },
      "trim" : {
        "io_bytes" : 0,
        "io_kbytes" : 0,
        "bw_bytes" : 0,
        "bw" : 0,
        "iops" : 0.000000,
        "runtime" : 0,
        "total_ios" : 0,
        "short_ios" : 0,
        "drop_ios" : 0,
        "slat_ns" : {
          "min" : 0,
          "max" : 0,
          "mean" : 0.000000,
          "stddev" : 0.000000,
          "N" : 0
        },
        "clat_ns" : {
          "min" : 0,
          "max" : 0,
          "mean" : 0.000000,
          "stddev" : 0.000000,
          "N" : 0
        },
        "lat_ns" : {
          "min" : 0,
          "max" : 0,
          "mean" : 0.000000,
          "stddev" : 0.000000,
          "N" : 0
        },
        "bw_min" : 0,
        "bw_max" : 0,
        "bw_agg" : 0.000000,
        "bw_mean" : 0.000000,
        "bw_dev" : 0.000000,
        "bw_samples" : 0,
        "iops_min" : 0,
        "iops_max" : 0,
        "iops_mean" : 0.000000,
        "iops_stddev" : 0.000000,
        "iops_samples" : 0
      },
      "sync" : {
        "total_ios" : 0,
        "lat_ns" : {
          "min" : 0,
          "max" : 0,
          "mean" : 0.000000,
          "stddev" : 0.000000,
          "N" : 0
        }
      },
      "job_runtime" : 60000,
      "usr_cpu" : 5.000000,
      "sys_cpu" : 60.000000,
      "ctx" : 0,
      "majf" : 0,
      "minf" : 0,
      "iodepth_level" : {
        "1" : 0.100000,
        "2" : 3.575932,
        "4" : 25.686576,
        "8" : 62.808972,
        "16" : 7.904974,
        "32" : 0.000000,
        ">=64" : 0.000000
      },
      "iodepth_submit" : {
        "0" : 0.000000,
        "4" : 100.000000,
        "8" : 0.000000,
        "16" : 0.000000,
        "32" : 0.000000,
        "64" : 0.000000,
        ">=64" : 0.000000
      },
      "iodepth_complete" : {
        "0" : 0.000000,
        "4" : 92.697700,
        "8" : 0.133611,
        "16" : 7.168689,
        "32" : 0.000000,
        "64" : 0.000000,
        ">=64" : 0.000000
      },
      "latency_ns" : {
        "2" : 0.000000,
        "4" : 0.000000,
        "10" : 0.000000,
        "20" : 0.000000,
        "50" : 0.000000,
        "100" : 0.000000,
        "250" : 0.047726,
        "500" : 0.160015,
        "750" : 0.010000,
        "1000" : 0.010000
      },
      "latency_us" : {
        "2" : 0.010000,
        "4" : 0.010000,
        "10" : 0.340611,
        "20" : 3.043005,
        "50" : 13.949913,
        "100" : 34.971755,
        "250" : 46.800723,
        "500" : 0.624454,
        "750" : 0.027381,
        "1000" : 0.015209
      },
      "latency_ms" : {
        "2" : 0.010000,
        "4" : 0.010000,
        "10" : 0.010000,
        "20" : 0.010000,
        "50" : 0.010000,
        "100" : 0.000000,
        "250" : 0.000000,
        "500" : 0.000000,
        "750" : 0.000000,
        "1000" : 0.000000,
        "2000" : 0.000000,
        ">=2000" : 0.000000
      },
      "latency_depth" : 16,
      "latency_target" : 0,
      "latency_percentile" : 100.000000,
      "latency_window" : 0
    }
  ]
}
