{
  "fio version" : "fio-3.41",
  "timestamp" : 1759530240,
  "timestamp_ms" : 1759530240970,
  "time" : "Fri Oct 3 18:24:00 2025",
  "global options" : {
    "directory" : "E\\:fio_tests",
    "percentile_list" : "50:95:99:99.9",
    "filesize" : "1m",
    "ioengine" : "windowsaio",
    "iodepth" : "1",
    "runtime" : "60",
    "time_based" : "",
    "direct" : "1",
    "numjobs" : "1",
    "thread" : "1",
    "stonewall" : "",
    "filename" : "FileToWriteTo.txt"
  },
  "jobs" : [
    {
      "jobname" : "Zero Queue 4kb",
      "groupid" : 0,
      "job_start" : 1759530120072,
      "error" : 0,
      "eta" : 0,
      "elapsed" : 122,
      "job options" : {
        "rw" : "randrw",
        "size" : "4kb"
      },
      "read" : {
        "io_bytes" : 2587475968,
        "io_kbytes" : 2526832,
        "bw_bytes" : 43123880,
        "bw" : 42113,
        "iops" : 10528.291195,
        "runtime" : 60001,
        "total_ios" : 631708,
        "short_ios" : 0,
        "drop_ios" : 0,
        "slat_ns" : {
          "min" : 6559,
          "max" : 293880,
          "mean" : 10253.198395,
          "stddev" : 3762.528241,
          "N" : 631708
        },
        "clat_ns" : {
          "min" : 251,
          "max" : 29817051,
          "mean" : 52866.621001,
          "stddev" : 48306.733732,
          "N" : 631708,
          "percentile" : {
            "50.000000" : 51968,
            "95.000000" : 56576,
            "99.000000" : 129536,
            "99.900000" : 218112
          }
        },
        "lat_ns" : {
          "min" : 35095,
          "max" : 29824332,
          "mean" : 63119.819396,
          "stddev" : 48825.609747,
          "N" : 631708
        },
        "bw_min" : 28384,
        "bw_max" : 43486,
        "bw_agg" : 99.850013,
        "bw_mean" : 42050.258333,
        "bw_dev" : 1460.794871,
        "bw_samples" : 120,
        "iops_min" : 7096,
        "iops_max" : 10871,
        "iops_mean" : 10512.400000,
        "iops_stddev" : 365.208848,
        "iops_samples" : 120
      },
      "write" : {
        "io_bytes" : 2585759744,
        "io_kbytes" : 2525156,
        "bw_bytes" : 43095277,
        "bw" : 42085,
        "iops" : 10521.307978,
        "runtime" : 60001,
        "total_ios" : 631289,
        "short_ios" : 0,
        "drop_ios" : 0,
        "slat_ns" : {
          "min" : 7424,
          "max" : 325369,
          "mean" : 11372.532735,
          "stddev" : 4701.392022,
          "N" : 631289
        },
        "clat_ns" : {
          "min" : 248,
          "max" : 10445426,
          "mean" : 18780.227677,
          "stddev" : 19350.743926,
          "N" : 631289,
          "percentile" : {
            "50.000000" : 17536,
            "95.000000" : 20608,
            "99.000000" : 39168,
            "99.900000" : 132096
          }
        },
        "lat_ns" : {
          "min" : 22312,
          "max" : 10454012,
          "mean" : 30152.760412,
          "stddev" : 20374.914985,
          "N" : 631289
        },
        "bw_min" : 29008,
        "bw_max" : 44336,
        "bw_agg" : 99.847378,
        "bw_mean" : 42021.816667,
        "bw_dev" : 1488.486129,
        "bw_samples" : 120,
        "iops_min" : 7252,
        "iops_max" : 11084,
        "iops_mean" : 10505.300000,
        "iops_stddev" : 372.114097,
        "iops_samples" : 120
      },
      "trim" : {
        "io_bytes" : 0,
        "io_kbytes" : 0,
        "bw_bytes" : 0,
        "bw" : 0,
        "iops" : 0.000000,
        "runtime" : 0,
        "total_ios" : 0,
        "short_ios" : 0,
        "drop_ios" : 0,
        "slat_ns" : {
          "min" : 0,
          "max" : 0,
          "mean" : 0.000000,
          "stddev" : 0.000000,
          "N" : 0
        },
        "clat_ns" : {
          "min" : 0,
          "max" : 0,
          "mean" : 0.000000,
          "stddev" : 0.000000,
          "N" : 0
        },
        "lat_ns" : {
          "min" : 0,
          "max" : 0,
          "mean" : 0.000000,
          "stddev" : 0.000000,
          "N" : 0
        },
        "bw_min" : 0,
        "bw_max" : 0,
        "bw_agg" : 0.000000,
        "bw_mean" : 0.000000,
        "bw_dev" : 0.000000,
        "bw_samples" : 0,
        "iops_min" : 0,
        "iops_max" : 0,
        "iops_mean" : 0.000000,
        "iops_stddev" : 0.000000,
        "iops_samples" : 0
      },
      "sync" : {
        "total_ios" : 0,
        "lat_ns" : {
          "min" : 0,
          "max" : 0,
          "mean" : 0.000000,
          "stddev" : 0.000000,
          "N" : 0
        }
      },
      "job_runtime" : 60000,
      "usr_cpu" : 3.333333,
      "sys_cpu" : 21.666667,
      "ctx" : 0,
      "majf" : 0,
      "minf" : 0,
      "iodepth_level" : {
        "1" : 100.000000,
        "2" : 0.000000,
        "4" : 0.000000,
        "8" : 0.000000,
        "16" : 0.000000,
        "32" : 0.000000,
        ">=64" : 0.000000
      },
      "iodepth_submit" : {
        "0" : 0.000000,
        "4" : 100.000000,
        "8" : 0.000000,
        "16" : 0.000000,
        "32" : 0.000000,
        "64" : 0.000000,
        ">=64" : 0.000000
      },
      "iodepth_complete" : {
        "0" : 0.000000,
        "4" : 100.000000,
        "8" : 0.000000,
        "16" : 0.000000,
        "32" : 0.000000,
        "64" : 0.000000,
        ">=64" : 0.000000
      },
      "latency_ns" : {
        "2" : 0.000000,
        "4" : 0.000000,
        "10" : 0.000000,
        "20" : 0.000000,
        "50" : 0.000000,
        "100" : 0.000000,
        "250" : 0.010000,
        "500" : 0.010000,
        "750" : 0.010000,
        "1000" : 0.010000
      },
      "latency_us" : {
        "2" : 0.010000,
        "4" : 0.010000,
        "10" : 0.093824,
        "20" : 46.715630,
        "50" : 23.415258,
        "100" : 28.500226,
        "250" : 1.215046,
        "500" : 0.026287,
        "750" : 0.010610,
        "1000" : 0.010000
      },
      "latency_ms" : {
        "2" : 0.010000,
        "4" : 0.010000,
        "10" : 0.010000,
        "20" : 0.010000,
        "50" : 0.010000,
        "100" : 0.000000,
        "250" : 0.000000,
        "500" : 0.000000,
        "750" : 0.000000,
        "1000" : 0.000000,
        "2000" : 0.000000,
        ">=2000" : 0.000000
      },
      "latency_depth" : 1,
      "latency_target" : 0,
      "latency_percentile" : 100.000000,
      "latency_window" : 0
    },
    {
      "jobname" : "Zero Queue 128 Seq",
      "groupid" : 1,
      "job_start" : 1759530180538,
      "error" : 0,
      "eta" : 0,
      "elapsed" : 122,
      "job options" : {
        "rw" : "rw",
        "size" : "128k"
      },
      "read" : {
        "io_bytes" : 2956357632,
        "io_kbytes" : 2887068,
        "bw_bytes" : 49272627,
        "bw" : 48117,
        "iops" : 12029.450000,
        "runtime" : 60000,
        "total_ios" : 721767,
        "short_ios" : 0,
        "drop_ios" : 0,
        "slat_ns" : {
          "min" : 6450,
          "max" : 1170603,
          "mean" : 10210.641829,
          "stddev" : 3825.097662,
          "N" : 721767
        },
        "clat_ns" : {
          "min" : 250,
          "max" : 30620815,
          "mean" : 41048.436315,
          "stddev" : 50495.328204,
          "N" : 721767,
          "percentile" : {
            "50.000000" : 34560,
            "95.000000" : 56064,
            "99.000000" : 127488,
            "99.900000" : 203776
          }
        },
        "lat_ns" : {
          "min" : 25893,
          "max" : 30628569,
          "mean" : 51259.078144,
          "stddev" : 50997.263264,
          "N" : 721767
        },
        "bw_min" : 35648,
        "bw_max" : 55232,
        "bw_agg" : 99.965086,
        "bw_mean" : 48101.116667,
        "bw_dev" : 2134.454317,
        "bw_samples" : 120,
        "iops_min" : 8912,
        "iops_max" : 13808,
        "iops_mean" : 12025.216667,
        "iops_stddev" : 533.624788,
        "iops_samples" : 120
      },
      "write" : {
        "io_bytes" : 2960572416,
        "io_kbytes" : 2891184,