{
  "fio version" : "fio-3.41",
  "timestamp" : 1759466054,
  "timestamp_ms" : 1759466054390,
  "time" : "Fri Oct 3 00:34:14 2025",
  "global options" : {
    "directory" : "E\\:fio_tests",
    "percentile_list" : "50:95:99:99.9",
    "filesize" : "1m",
    "ioengine" : "windowsaio",
    "iodepth" : "1",
    "runtime" : "60",
    "time_based" : "",
    "direct" : "1",
    "numjobs" : "1",
    "thread" : "1",
    "stonewall" : "",
    "filename" : "FileToWriteTo.txt"
  },
  "jobs" : [
    {
      "jobname" : "Zero Queue 4kb",
      "groupid" : 0,
      "job_start" : 1759465933493,
      "error" : 0,
      "eta" : 0,
      "elapsed" : 122,
      "job options" : {
        "rw" : "randrw",
        "size" : "4kb"
      },
      "read" : {
        "io_bytes" : 889450496,
        "io_kbytes" : 868604,
        "bw_bytes" : 14823927,
        "bw" : 14476,
        "iops" : 3619.123015,
        "runtime" : 60001,
        "total_ios" : 217151,
        "short_ios" : 0,
        "drop_ios" : 0,
        "slat_ns" : {
          "min" : 9938,
          "max" : 6183911,
          "mean" : 44674.664031,
          "stddev" : 47106.919141,
          "N" : 217151
        },
        "clat_ns" : {
          "min" : 476,
          "max" : 67402611,
          "mean" : 114389.263996,
          "stddev" : 185790.354006,
          "N" : 217151,
          "percentile" : {
            "50.000000" : 82432,
            "95.000000" : 248832,
            "99.000000" : 321536,
            "99.900000" : 577536
          }
        },
        "lat_ns" : {
          "min" : 47387,
          "max" : 67424446,
          "mean" : 159063.928027,
          "stddev" : 200598.624481,
          "N" : 217151
        },
        "bw_min" : 6204,
        "bw_max" : 30717,
        "bw_agg" : 99.906806,
        "bw_mean" : 14463.825000,
        "bw_dev" : 8050.403154,
        "bw_samples" : 120,
        "iops_min" : 1551,
        "iops_max" : 7679,
        "iops_mean" : 3615.775000,
        "iops_stddev" : 2012.572101,
        "iops_samples" : 120
      },
      "write" : {
        "io_bytes" : 889024512,
        "io_kbytes" : 868188,
        "bw_bytes" : 14816828,
        "bw" : 14469,
        "iops" : 3617.389710,
        "runtime" : 60001,
        "total_ios" : 217047,
        "short_ios" : 0,
        "drop_ios" : 0,
        "slat_ns" : {
          "min" : 11452,
          "max" : 10860792,
          "mean" : 68810.263952,
          "stddev" : 78038.255653,
          "N" : 217047
        },
        "clat_ns" : {
          "min" : 214,
          "max" : 23027296,
          "mean" : 41055.608348,
          "stddev" : 78837.690836,
          "N" : 217047,
          "percentile" : {
            "50.000000" : 28544,
            "95.000000" : 109056,
            "99.000000" : 189440,
            "99.900000" : 391168
          }
        },
        "lat_ns" : {
          "min" : 31270,
          "max" : 23130442,
          "mean" : 109865.872300,
          "stddev" : 118470.973886,
          "N" : 217047
        },
        "bw_min" : 6324,
        "bw_max" : 30949,
        "bw_agg" : 99.899385,
        "bw_mean" : 14455.650000,
        "bw_dev" : 8039.309222,
        "bw_samples" : 120,
        "iops_min" : 1581,
        "iops_max" : 7737,
        "iops_mean" : 3613.741667,
        "iops_stddev" : 2009.789941,
        "iops_samples" : 120
      },
      "trim" : {
        "io_bytes" : 0,
        "io_kbytes" : 0,
        "bw_bytes" : 0,
        "bw" : 0,
        "iops" : 0.000000,
        "runtime" : 0,
        "total_ios" : 0,
        "short_ios" : 0,
        "drop_ios" : 0,
        "slat_ns" : {
          "min" : 0,
          "max" : 0,
          "mean" : 0.000000,
          "stddev" : 0.000000,
          "N" : 0
        },
        "clat_ns" : {
          "min" : 0,
          "max" : 0,
          "mean" : 0.000000,
          "stddev" : 0.000000,
          "N" : 0
        },
        "lat_ns" : {
          "min" : 0,
          "max" : 0,
          "mean" : 0.000000,
          "stddev" : 0.000000,
          "N" : 0
        },
        "bw_min" : 0,
        "bw_max" : 0,
        "bw_agg" : 0.000000,
        "bw_mean" : 0.000000,
        "bw_dev" : 0.000000,
        "bw_samples" : 0,
        "iops_min" : 0,
        "iops_max" : 0,
        "iops_mean" : 0.000000,
        "iops_stddev" : 0.000000,
        "iops_samples" : 0
      },
      "sync" : {
        "total_ios" : 0,
        "lat_ns" : {
          "min" : 0,
          "max" : 0,
          "mean" : 0.000000,
          "stddev" : 0.000000,
          "N" : 0
        }
      },
      "job_runtime" : 60000,
      "usr_cpu" : 5.000000,
      "sys_cpu" : 35.000000,
      "ctx" : 0,
      "majf" : 0,
      "minf" : 0,
      "iodepth_level" : {
        "1" : 100.000000,
        "2" : 0.000000,
        "4" : 0.000000,
        "8" : 0.000000,
        "16" : 0.000000,
        "32" : 0.000000,
        ">=64" : 0.000000
      },
      "iodepth_submit" : {
        "0" : 0.000000,
        "4" : 100.000000,
        "8" : 0.000000,
        "16" : 0.000000,
        "32" : 0.000000,
        "64" : 0.000000,
        ">=64" : 0.000000
      },
      "iodepth_complete" : {
        "0" : 0.000000,
        "4" : 100.000000,
        "8" : 0.000000,
        "16" : 0.000000,
        "32" : 0.000000,
        "64" : 0.000000,
        ">=64" : 0.000000
      },
      "latency_ns" : {
        "2" : 0.000000,
        "4" : 0.000000,
        "10" : 0.000000,
        "20" : 0.000000,
        "50" : 0.000000,
        "100" : 0.000000,
        "250" : 0.010000,
        "500" : 0.010000,
        "750" : 0.053202,
        "1000" : 0.163290
      },
      "latency_us" : {
        "2" : 0.703596,
        "4" : 0.357901,
        "10" : 0.669741,
        "20" : 2.791353,
        "50" : 37.860838,
        "100" : 31.392590,
        "250" : 23.364456,
        "500" : 2.536400,
        "750" : 0.065638,
        "1000" : 0.013358
      },
      "latency_ms" : {
        "2" : 0.010364,
        "4" : 0.010000,
        "10" : 0.010000,
        "20" : 0.010000,
        "50" : 0.010000,
        "100" : 0.010000,
        "250" : 0.000000,
        "500" : 0.000000,
        "750" : 0.000000,
        "1000" : 0.000000,
        "2000" : 0.000000,
        ">=2000" : 0.000000
      },
      "latency_depth" : 1,
      "latency_target" : 0,
      "latency_percentile" : 100.000000,
      "latency_window" : 0
    },
    {
      "jobname" : "Zero Queue 128 Seq",
      "groupid" : 1,
      "job_start" : 1759465993982,
      "error" : 0,
      "eta" : 0,
      "elapsed" : 122,
      "job options" : {
        "rw" : "rw",
        "size" : "128k"
      },
      "read" : {
        "io_bytes" : 638578688,
        "io_kbytes" : 623612,
        "bw_bytes" : 10642800,
        "bw" : 10393,
        "iops" : 2598.340028,
        "runtime" : 60001,
        "total_ios" : 155903,
        "short_ios" : 0,
        "drop_ios" : 0,
        "slat_ns" : {
          "min" : 12784,
          "max" : 22935229,
          "mean" : 74141.469548,
          "stddev" : 76360.953965,
          "N" : 155903
        },
        "clat_ns" : {
          "min" : 546,
          "max" : 34057765,
          "mean" : 128916.107310,
          "stddev" : 142501.591821,
          "N" : 155903,
          "percentile" : {
            "50.000000" : 118272,
            "95.000000" : 246784,
            "99.000000" : 321536,
            "99.900000" : 528384
          }
        },
        "lat_ns" : {
          "min" : 37506,
          "max" : 34237565,
          "mean" : 203057.576859,
          "stddev" : 169378.468739,
          "N" : 155903
        },
        "bw_min" : 7200,
        "bw_max" : 30128,
        "bw_agg" : 99.948435,
        "bw_mean" : 10388.700000,
        "bw_dev" : 4506.781793,
        "bw_samples" : 120,
        "iops_min" : 1800,
        "iops_max" : 7532,
        "iops_mean" : 2597.091667,
        "iops_stddev" : 1126.694891,
        "iops_samples" : 120
      },
      "write" : {
        "io_bytes" : 640827392,
        "io_kbytes" : 625808,